state_code,district,party,name,gender,ethnicity,religion,date_of_birth,entered_office
AK,,republican,Don Young,male,white-american,episcopalian,1933-06-09,1973-01-03
AL,1,republican,Bradley Byrne,male,white-american,episcopalian,1955-02-16,2014-01-08
AL,2,republican,Martha Roby,female,white-american,presbyterian,1976-07-27,2011-01-05
AL,3,republican,Mike Rogers,male,white-american,baptist,1958-07-16,2003-01-07
AL,4,republican,Robert Aderholt,male,white-american,congregationalist,1965-07-22,1997-01-07
AL,5,republican,Mo Brooks,male,white-american,christian,1954-04-29,2011-01-05
AL,6,republican,Gary Palmer,male,white-american,christian,1954-05-14,2015-01-06
AL,7,democrat,Terri Sewell,female,african-american,protestant,1965-01-01,2011-01-05
AR,1,republican,Rick Crawford,male,white-american,southern-baptist,1966-01-22,2011-01-05
AR,2,republican,French Hill,male,white-american,roman-catholic,1956-12-05,2015-01-06
AR,3,republican,Steve Womack,male,white-american,southern-baptist,1957-02-18,2011-01-05
AR,4,republican,Bruce Westerman,male,white-american,southern-baptist,1967-11-18,2015-01-06
AZ,1,democrat,Tom O'Halleran,male,white-american,roman-catholic,1946-01-24,2017-01-03
AZ,2,democrat,Ann Kirkpatrick,female,white-american,unspecified,1950-03-24,2019-01-03
AZ,3,democrat,Raul Grijalva,male,hispanic-american,roman-catholic,1948-02-19,2003-01-07
AZ,4,republican,Paul Gosar,male,white-american,roman-catholic,1958-11-22,2011-01-05
AZ,5,republican,Andy Biggs,male,white-american,mormon,1958-11-07,2017-01-03
AZ,6,republican,David Schweikert,male,white-american,roman-catholic,1962-03-03,2011-01-05
AZ,7,democrat,Ruben Gallego,male,hispanic-american,roman-catholic,1979-11-20,2015-01-06
AZ,8,republican,Debbie  Lesko,female,white-american,unspecified,1958-11-14,2018-05-07
AZ,9,democrat,Greg Stanton,male,white-american,unspecified,1970-03-08,2019-01-03
CA,1,republican,Doug LaMalfa,male,white-american,christian,1960-07-02,2013-01-03
CA,2,democrat,Jared Huffman,male,white-american,unspecified,1964-02-18,2013-01-03
CA,3,democrat,John Garamendi,male,white-american,roman-catholic,1945-01-24,2009-11-03
CA,4,republican,Tom McClintock,male,white-american,baptist,1956-07-10,2009-01-06
CA,5,democrat,Mike Thompson,male,white-american,roman-catholic,1951-01-24,1999-01-06
CA,6,democrat,Doris Matsui,female,asian-american,methodist,1944-09-25,2005-03-10
CA,7,democrat,Ami Bera,male,asian-american,unitarian-universalist,1965-03-02,2013-01-03
CA,8,republican,Paul Cook,male,white-american,roman-catholic,1943-03-03,2013-01-03
CA,9,democrat,Jerry McNerney,male,white-american,roman-catholic,1951-06-18,2007-01-04
CA,10,democrat,Josh Harder,male,white-american,unspecified,1986-08-01,2019-01-03
CA,11,democrat,Mark DeSaulnier,male,white-american,roman-catholic,1952-03-31,2015-01-06
CA,12,democrat,Nancy Pelosi,female,white-american,roman-catholic,1940-03-26,1987-01-06
CA,13,democrat,Barbara Lee,female,african-american,baptist,1946-07-16,1998-04-07
CA,14,democrat,Jackie Speier,female,white-american,roman-catholic,1950-05-14,2008-04-08
CA,15,democrat,Eric Swalwell,male,white-american,christian,1980-11-16,2013-01-03
CA,16,democrat,Jim Costa,male,white-american,roman-catholic,1952-04-13,2005-01-04
CA,17,democrat,Ro Khanna,male,asian-american,hindu,1976-09-13,2017-01-03
CA,18,democrat,Anna Eshoo,female,white-american,roman-catholic,1942-12-13,1993-01-05
CA,19,democrat,Zoe Lofgren,female,white-american,lutheran,1947-12-21,1995-01-04
CA,20,democrat,Jimmy Panetta,male,white-american,roman-catholic,1969-10-01,2017-01-03
CA,21,democrat,TJ Cox,male,white-american,unspecified,1963-07-18,2019-01-03
CA,22,republican,Devin Nunes,male,white-american,roman-catholic,1973-10-01,2003-01-07
CA,23,republican,Kevin McCarthy,male,white-american,baptist,1965-01-26,2007-01-04
CA,24,democrat,Salud Carbajal,male,hispanic-american,roman-catholic,1964-11-18,2017-01-03
CA,26,democrat,Julia Brownley,female,white-american,episcopalian,1952-08-28,2013-01-03
CA,27,democrat,Judy Chu,female,asian-american,baptist,1953-07-07,2009-07-16
CA,28,democrat,Adam Schiff,male,white-american,jewish,1960-06-22,2001-01-03
CA,25,democrat,Katie Hill,female,white-american,unspecified,1987-08-25,2019-01-03
CA,30,democrat,Brad Sherman,male,white-american,jewish,1954-10-24,1997-01-07
CA,29,democrat,Tony Cardenas,male,hispanic-american,christian,1963-03-31,2013-01-03
CA,31,democrat,Pete Aguilar,male,hispanic-american,roman-catholic,1979-06-19,2015-01-06
CA,32,democrat,Grace Napolitano,female,hispanic-american,roman-catholic,1936-12-04,1999-01-06
CA,33,democrat,Ted Lieu,male,asian-american,roman-catholic,1969-03-29,2015-01-06
CA,34,democrat,Jimmy Gomez,male,hispanic-american,christian,1974-11-25,2017-07-11
CA,35,democrat,Norma Torres,female,hispanic-american,roman-catholic,1965-04-04,2015-01-06
CA,36,democrat,Raul Ruiz,male,hispanic-american,seventh-day-adventist-church,1972-08-25,2013-01-03
CA,37,democrat,Karen Bass,female,african-american,baptist,1953-10-03,2011-01-05
CA,38,democrat,Linda Sánchez,female,hispanic-american,roman-catholic,1969-01-28,2003-01-07
CA,39,democrat,Gilbert Cisneros,male,white-american,unspecified,1971-02-12,2019-01-03
CA,40,democrat,Lucille Roybal-Allard,female,hispanic-american,roman-catholic,1941-06-12,1993-01-05
CA,41,democrat,Mark Takano,male,asian-american,methodist,1960-12-10,2013-01-03
CA,42,republican,Ken Calvert,male,white-american,congregationalist,1953-06-08,1993-01-05
CA,43,democrat,Maxine Waters,female,african-american,christian,1938-08-15,1991-01-03
CA,44,democrat,Nanette Barragan,female,hispanic-american,roman-catholic,1976-09-15,2017-01-03
CA,45,democrat,Katie Porter,female,white-american,unspecified,1974-01-03,2019-01-03
CA,46,democrat,Luis Correa,male,hispanic-american,roman-catholic,1958-01-24,2017-01-03
CA,47,democrat,Alan Lowenthal,male,white-american,jewish,1941-03-08,2013-01-03
CA,49,democrat,Mike Levin,male,white-american,unspecified,1978-10-20,2019-01-03
CA,48,democrat,Harley Rouda,male,white-american,unspecified,1961-12-10,2019-01-03
CA,50,republican,Duncan Hunter,male,white-american,southern-baptist,1976-12-07,2009-01-06
CA,51,democrat,Juan Vargas,male,hispanic-american,roman-catholic,1961-03-07,2013-01-03
CA,52,democrat,Scott Peters,male,white-american,lutheran,1958-06-17,2013-01-03
CA,53,democrat,Susan Davis,female,white-american,jewish,1944-04-13,2001-01-03
CO,1,democrat,Diana DeGette,female,white-american,presbyterian,1957-07-29,1997-01-07
CO,2,democrat,Joe Neguse,male,white-american,unspecified,1984-05-13,2019-01-03
CO,3,republican,Scott Tipton,male,white-american,anglican,1956-11-09,2011-01-05
CO,4,republican,Ken Buck,male,white-american,christian,1959-02-16,2015-01-06
CO,5,republican,Doug Lamborn,male,white-american,christian,1954-05-24,2007-01-04
CT,1,democrat,John Larson,male,white-american,roman-catholic,1948-07-22,1999-01-06
CO,6,democrat,Jason Crow,male,white-american,unspecified,1979-03-15,2019-01-03
CO,7,democrat,Ed Perlmutter,male,white-american,methodist,1953-05-01,2007-01-04
CT,2,democrat,Joe Courtney,male,white-american,roman-catholic,1953-04-06,2007-01-04
CT,4,democrat,Jim Himes,male,white-american,presbyterian,1966-07-05,2009-01-06
CT,3,democrat,Rosa DeLauro,female,white-american,roman-catholic,1943-03-02,1991-01-03
CT,5,democrat,Jahana Hayes,female,african-american,unspecified,1973-03-08,2019-01-03
DE,,democrat,Lisa Blunt Rochester,female,african-american,unspecified,1962-02-10,2017-01-03
FL,1,republican,Matt Gaetz,male,white-american,baptist,1982-05-07,2017-01-03
FL,2,republican,Neal Dunn,male,white-american,unspecified,1953-02-16,2017-01-03
FL,3,republican,Ted Yoho,male,white-american,christian,1955-04-13,2013-01-03
FL,4,republican,John Rutherford,male,white-american,roman-catholic,1952-09-02,2017-01-03
FL,5,democrat,Al Lawson,male,african-american,episcopalian,1948-09-21,2017-01-03
FL,6,republican,Michael Waltz,male,white-american,unspecified,1974-01-31,2019-01-03
FL,7,democrat,Stephanie Murphy,female,asian-american,unspecified,1978-09-16,2017-01-03
FL,8,republican,Bill Posey,male,white-american,methodist,1947-12-18,2009-01-06
FL,9,democrat,Darren Soto,male,hispanic-american,roman-catholic,1978-02-25,2017-01-03
FL,10,democrat,Val Demings,female,african-american,unspecified,1957-03-12,2017-01-03
FL,11,republican,Daniel Webster,male,white-american,southern-baptist,1949-04-27,2011-01-05
FL,12,republican,Gus Bilirakis,male,white-american,eastern-orthodox,1963-02-08,2007-01-04
FL,13,democrat,Charlie Crist,male,white-american,united-methodist,1956-07-24,2017-01-03
FL,14,democrat,Kathy Castor,female,white-american,presbyterian,1966-08-20,2007-01-04
FL,15,republican,Ross Spano,male,white-american,baptist,1966-07-16,2019-01-03
FL,16,republican,Vern Buchanan,male,white-american,southern-baptist,1951-05-08,2007-01-04
FL,17,republican,Gregory Steube,male,white-american,unspecified,1978-05-19,2019-01-03
FL,18,republican,Brian Mast,male,white-american,christian,1980-07-10,2017-01-03
FL,19,republican,Francis Rooney,male,white-american,roman-catholic,1953-12-04,2017-01-03
FL,20,democrat,Alcee Hastings,male,african-american,african-methodist,1936-09-05,1993-01-05
FL,21,democrat,Lois Frankel,female,white-american,jewish,1948-05-16,2013-01-03
FL,22,democrat,Ted Deutch,male,white-american,jewish,1966-05-07,2010-04-15
FL,23,democrat,Debbie Wasserman Schultz,female,white-american,jewish,1966-09-27,2005-01-04
FL,24,democrat,Frederica Wilson,female,african-american,episcopalian,1942-11-05,2011-01-05
FL,25,republican,Mario Diaz-Balart,male,hispanic-american,roman-catholic,1961-09-25,2003-01-07
FL,26,democrat,Debbie Mucarsel-Powell,female,white-american,unspecified,1971-01-18,2019-01-03
FL,27,democrat,Donna Shalala,female,white-american,unspecified,1941-02-14,2019-01-03
GA,1,republican,Buddy Carter,male,white-american,methodist,1957-09-06,2015-01-06
GA,2,democrat,Sanford Bishop,male,african-american,baptist,1947-02-04,1993-01-05
GA,3,republican,Drew Ferguson,male,white-american,unspecified,1967-11-15,2017-01-03
GA,4,democrat,Henry Johnson,male,african-american,soka-gakkai-buddhist,1954-10-02,2007-01-04
GA,5,democrat,John Lewis,male,african-american,baptist,1940-02-21,1987-01-06
GA,6,democrat,Lucy McBath,female,white-american,unspecified,1960-06-01,2019-01-03
GA,7,republican,Robert Woodall,male,white-american,methodist,1970-02-11,2011-01-05
GA,8,republican,Austin Scott,male,white-american,southern-baptist,1969-12-10,2011-01-05
GA,9,republican,Doug Collins,male,white-american,southern-baptist,1966-08-16,2013-01-03
GA,10,republican,Jody Hice,male,white-american,southern-baptist,1960-04-22,2015-01-06
GA,11,republican,Barry Loudermilk,male,white-american,baptist,1963-12-22,2015-01-06
GA,12,republican,Rick Allen,male,white-american,methodist,1951-11-07,2015-01-06
GA,13,democrat,David Scott,male,african-american,baptist,1945-06-27,2003-01-07
GA,14,republican,Tom Graves,male,white-american,southern-baptist,1970-02-03,2010-06-08
HI,1,democrat,Ed Case,male,white-american,unspecified,1952-09-27,2019-01-03
HI,2,democrat,Tulsi Gabbard,female,pacific-islander,hindu,1981-04-12,2013-01-03
IA,2,democrat,David Loebsack,male,white-american,methodist,1952-12-23,2007-01-04
IA,4,republican,Steve King,male,white-american,roman-catholic,1949-05-28,2003-01-07
ID,1,republican,Russ Fulcher,male,white-american,unspecified,1962-03-09,2019-01-03
ID,2,republican,Mike Simpson,male,white-american,mormon,1950-09-08,1999-01-06
IA,1,democrat,Abby Finkenauer,female,white-american,unspecified,1988-12-27,2019-01-03
IA,3,democrat,Cynthia Axne,female,white-american,unspecified,1965-04-20,2019-01-03
IL,1,democrat,Bobby Rush,male,african-american,baptist,1946-11-23,1993-01-05
IL,2,democrat,Robin Kelly,female,african-american,christian,1956-04-30,2013-04-09
IL,3,democrat,Daniel Lipinski,male,white-american,roman-catholic,1966-07-15,2005-01-04
IL,4,democrat,Jesús García,male,hispanic-american,unspecified,1956-04-12,2019-01-03
IL,5,democrat,Mike Quigley,male,white-american,roman-catholic,1958-10-17,2009-04-07
IL,6,democrat,Sean Casten,male,white-american,unspecified,1971-11-23,2019-01-03
IL,7,democrat,Danny Davis,male,african-american,baptist,1941-09-06,1997-01-07
IL,8,democrat,Raja Krishnamoorthi,male,asian-american,hindu,1973-07-19,2017-01-03
IL,9,democrat,Janice Schakowsky,female,white-american,jewish,1944-05-26,1999-01-06
IL,10,democrat,Bradley Schneider,male,white-american,jewish,1961-08-20,2013-01-03
IL,11,democrat,Bill Foster,male,white-american,unspecified,1955-10-07,2008-03-08
IL,13,republican,Rodney Davis,male,white-american,roman-catholic,1970-01-05,2013-01-03
IL,15,republican,John Shimkus,male,white-american,lutheran,1958-02-21,1997-01-07
IL,16,republican,Adam Kinzinger,male,white-american,protestant,1978-02-27,2011-01-05
IL,17,democrat,Cheri Bustos,female,white-american,roman-catholic,1961-10-17,2013-01-03
IL,18,republican,Darin LaHood,male,white-american,roman-catholic,1968-07-05,2015-09-17
IN,1,democrat,Pete Visclosky,male,white-american,roman-catholic,1949-08-13,1985-01-03
IN,2,republican,Jackie Walorski,female,white-american,evangelical,1963-08-17,2013-01-03
IN,3,republican,Jim Banks,male,white-american,unspecified,1979-07-16,2017-01-03
IN,4,republican,James Baird,male,white-american,unspecified,1945-06-04,2019-01-03
IN,5,republican,Susan Brooks,female,white-american,roman-catholic,1960-08-25,2013-01-03
IN,6,republican,Greg Pence,male,white-american,unspecified,1956-11-14,2019-01-03
IN,7,democrat,André Carson,male,african-american,muslim,1974-10-16,2008-03-13
IL,12,republican,Mike Bost,male,white-american,southern-baptist,1960-12-30,2015-01-06
IN,8,republican,Larry Bucshon,male,white-american,lutheran,1962-05-31,2011-01-05
IN,9,republican,Trey Hollingsworth,male,white-american,unspecified,1983-09-12,2017-01-03
IL,14,democrat,Lauren Underwood,female,african-american,unspecified,1986-10-04,2019-01-03
KS,1,republican,Roger Marshall,male,white-american,unspecified,1960-08-09,2017-01-03
KS,2,republican,Steven Watkins,male,white-american,unspecified,1976-09-18,2019-01-03
KS,3,democrat,Sharice Davids,female,native-american,unspecified,1980-05-22,2019-01-03
KY,1,republican,James Comer,male,white-american,methodist,1972-08-19,2016-11-14
KY,3,democrat,John Yarmuth,male,white-american,jewish,1947-11-04,2007-01-04
KY,4,republican,Thomas Massie,male,white-american,christian,1971-01-13,2012-11-13
KS,4,republican,Ron Estes,male,white-american,lutheran,1956-07-19,2017-04-25
KY,5,republican,Harold Rogers,male,white-american,southern-baptist,1937-12-31,1981-01-05
KY,6,republican,Andy Barr,male,white-american,episcopalian,1973-07-24,2013-01-03
LA,1,republican,Steve Scalise,male,white-american,roman-catholic,1965-10-06,2008-05-07
LA,2,democrat,Cedric Richmond,male,african-american,baptist,1973-09-13,2011-01-05
LA,3,republican,Clay Higgins,male,white-american,christian,1961-08-24,2017-01-03
LA,4,republican,Mike Johnson,male,white-american,southern-baptist,1972-01-30,2017-01-03
LA,5,republican,Ralph Abraham,male,white-american,southern-baptist,1954-09-16,2015-01-06
KY,2,republican,Brett Guthrie,male,white-american,church-of-christ,1964-02-18,2009-01-06
LA,6,republican,Garret Graves,male,white-american,roman-catholic,1972-01-31,2015-01-06
MA,1,democrat,Richard Neal,male,white-american,roman-catholic,1949-02-14,1989-01-03
MA,2,democrat,James McGovern,male,white-american,roman-catholic,1959-11-20,1997-01-07
MA,3,democrat,Lori Trahan,female,white-american,unspecified,1973-10-27,2019-01-03
MA,5,democrat,Katherine Clark,female,white-american,christian,1963-07-17,2013-12-12
MA,4,democrat,Joe Kennedy,male,white-american,roman-catholic,1980-10-04,2013-01-03
MA,6,democrat,Seth Moulton,male,white-american,christian,1978-10-24,2015-01-06
MA,7,democrat,Ayanna Pressley,female,white-american,unspecified,1974-02-03,2019-01-03
MA,8,democrat,Stephen Lynch,male,white-american,roman-catholic,1955-03-31,2001-10-23
MA,9,democrat,William Keating,male,white-american,roman-catholic,1952-09-06,2011-01-05
MD,1,republican,Andy Harris,male,white-american,roman-catholic,1957-01-25,2011-01-05
MD,2,democrat,Dutch Ruppersberger,male,white-american,methodist,1946-01-31,2003-01-07
MD,3,democrat,John Sarbanes,male,white-american,eastern-orthodox,1962-05-22,2007-01-04
MD,4,democrat,Anthony Brown,male,african-american,roman-catholic,1961-11-21,2017-01-03
MD,5,democrat,Steny Hoyer,male,white-american,baptist,1939-06-14,1981-01-05
MD,6,democrat,David Trone,male,white-american,unspecified,1955-09-21,2019-01-03
MD,7,democrat,Elijah Cummings,male,african-american,baptist,1951-01-18,1996-04-16
MD,8,democrat,Jamie Raskin,male,white-american,jewish,1962-12-13,2017-01-03
ME,1,democrat,Chellie Pingree,female,white-american,lutheran,1955-04-02,2009-01-06
ME,2,democrat,Jared Golden,male,white-american,unspecified,1982-07-25,2019-01-03
MI,1,republican,Jack Bergman,male,white-american,unspecified,1947-02-02,2017-01-03
MI,2,republican,Bill Huizenga,male,white-american,christian-reformed,1969-01-31,2011-01-05
MI,3,republican,Justin Amash,male,white-american,eastern-orthodox,1980-04-18,2011-01-05
MI,4,republican,John Moolenaar,male,white-american,christian,1961-05-08,2015-01-06
MI,5,democrat,Daniel Kildee,male,white-american,roman-catholic,1958-08-11,2013-01-03
MI,6,republican,Fred Upton,male,white-american,congregationalist,1953-04-23,1987-01-06
MI,7,republican,Tim Walberg,male,white-american,protestant,1951-04-12,2007-01-04
MI,8,democrat,Elissa Slotkin,female,white-american,unspecified,1976-07-10,2019-01-03
MI,9,democrat,Andy Levin,male,white-american,unspecified,1960-08-10,2019-01-03
MI,10,republican,Paul Mitchell,male,white-american,unspecified,1961-05-08,2017-01-03
MI,11,democrat,Haley Stevens,female,white-american,unspecified,1983-06-24,2019-01-03
MI,12,democrat,Debbie Dingell,female,white-american,roman-catholic,1953-11-23,2015-01-06
MI,13,democrat,Rashida Tlaib,female,multi-racial-american,muslim,1976-07-24,2019-01-03
MI,14,democrat,Brenda Lawrence,female,african-american,christian,1954-10-18,2015-01-06
MN,1,republican,Jim Hagedorn,male,white-american,unspecified,1962-08-04,2019-01-03
MN,2,democrat,Angie Craig,female,white-american,unspecified,1972-02-14,2019-01-03
MN,3,democrat,Dean Phillips,male,white-american,unspecified,1969-01-20,2019-01-03
MN,4,democrat,Betty McCollum,female,white-american,roman-catholic,1954-07-12,2001-01-03
MN,5,democrat,Ilhan Omar,female,middle-eastern-american,muslim,1981-10-04,2019-01-03
MN,6,republican,Tom Emmer,male,white-american,roman-catholic,1961-03-03,2015-01-06
MN,7,democrat,Collin Peterson,male,white-american,lutheran,1944-06-29,1991-01-03
MN,8,republican,Pete Stauber,male,white-american,unspecified,1966-05-10,2019-01-03
MO,1,democrat,William Clay,male,african-american,roman-catholic,1956-07-27,2001-01-03
MO,2,republican,Ann Wagner,female,white-american,roman-catholic,1962-09-13,2013-01-03
MO,3,republican,Blaine Luetkemeyer,male,white-american,roman-catholic,1952-05-07,2009-01-06
MO,4,republican,Vicky Hartzler,female,white-american,evangelical,1960-10-13,2011-01-05
MO,5,democrat,Emanuel Cleaver,male,african-american,methodist,1944-10-26,2005-01-04
MO,6,republican,Sam Graves,male,white-american,southern-baptist,1963-11-07,2001-01-03
MO,7,republican,Billy Long,male,white-american,presbyterian,1955-08-11,2011-01-05
MO,8,republican,Jason Smith,male,white-american,pentecostal,1980-06-16,2013-06-04
MS,1,republican,Trent Kelly,male,white-american,methodist,1966-03-01,2015-06-09
MS,2,democrat,Bennie Thompson,male,african-american,methodist,1948-01-28,1993-04-13
MS,3,republican,Michael Guest,male,white-american,unspecified,1970-02-04,2019-01-03
MS,4,republican,Steven Palazzo,male,white-american,roman-catholic,1970-02-21,2011-01-05
MT,,republican,Gregory Gianforte,male,white-american,unspecified,1961-04-17,2017-06-21
NC,1,democrat,G.K. Butterfield,male,african-american,baptist,1947-04-27,2004-07-21
NC,2,republican,George Holding,male,white-american,southern-baptist,1968-04-17,2013-01-03
NC,3,republican,Gregory Murphy,male,white-american,unspecified,1963-03-05,2019-09-17
NC,4,democrat,David Price,male,white-american,baptist,1940-08-17,1987-01-06
NC,5,republican,Virginia Foxx,female,white-american,roman-catholic,1943-06-29,2005-01-04
NC,6,republican,Mark Walker,male,white-american,southern-baptist,1969-05-20,2015-01-06
NC,7,republican,David Rouzer,male,white-american,southern-baptist,1972-02-16,2015-01-06
NC,8,republican,Richard Hudson,male,white-american,christian,1971-11-04,2013-01-03
NC,9,republican,Mark Harris,male,white-american,christian,1966-04-24,2019-01-03
NC,10,republican,Patrick McHenry,male,white-american,roman-catholic,1975-10-22,2005-01-04
NC,11,republican,Mark Meadows,male,white-american,christian,1959-07-28,2013-01-03
NC,12,democrat,Alma Adams,female,african-american,baptist,1946-05-27,2014-11-12
NC,13,republican,Ted Budd,male,white-american,unspecified,1971-10-21,2017-01-03
ND,,republican,Kelly Armstrong,male,white-american,unspecified,1968-12-14,2019-01-03
NE,1,republican,Jeff Fortenberry,male,white-american,roman-catholic,1960-12-27,2005-01-04
NE,2,republican,Don Bacon,male,white-american,unspecified,1963-08-16,2017-01-03
NE,3,republican,Adrian Smith,male,white-american,christian,1970-12-19,2007-01-04
NH,1,democrat,Chris Pappas,male,white-american,unspecified,1980-06-04,2019-01-03
NH,2,democrat,Annie Kuster,female,white-american,episcopalian,1956-09-05,2013-01-03
NJ,1,democrat,Donald Norcross,male,white-american,lutheran,1958-12-13,2014-11-12
NJ,2,democrat,Jefferson Van Drew,male,white-american,unspecified,1953-02-23,2019-01-03
NJ,3,democrat,Andrew Kim,male,white-american,unspecified,1982-07-12,2019-01-03
NJ,4,republican,Christopher Smith,male,white-american,roman-catholic,1953-03-04,1981-01-05
NJ,5,democrat,Josh Gottheimer,male,white-american,unspecified,1975-03-08,2017-01-03
NJ,6,democrat,Frank Pallone,male,white-american,roman-catholic,1951-10-30,1987-01-06
NJ,7,democrat,Tom Malinowski,male,white-american,unspecified,1965-09-15,2019-01-03
NJ,8,democrat,Albio Sires,male,hispanic-american,roman-catholic,1951-01-26,2006-11-13
NJ,9,democrat,Bill Pascrell,male,white-american,roman-catholic,1937-01-25,1997-01-07
NJ,10,democrat,Donald Payne,male,african-american,baptist,1958-12-17,2012-11-15
NJ,11,democrat,Mikie Sherrill,female,white-american,unspecified,1972-01-19,2019-01-03
NJ,12,democrat,Bonnie Watson Coleman,female,african-american,baptist,1945-02-06,2015-01-06
NM,1,democrat,Debra Haaland,female,native-american,unspecified,1960-12-02,2019-01-03
NM,2,democrat,Xochitl Torres Small,female,hispanic-american,unspecified,1984-11-15,2019-01-03
NM,3,democrat,Ben Ray Luján,male,hispanic-american,roman-catholic,1972-06-07,2009-01-06
NV,1,democrat,Dina Titus,female,white-american,eastern-orthodox,1950-05-23,2009-01-06
NV,2,republican,Mark Amodei,male,white-american,christian,1958-06-12,2011-09-13
NV,3,democrat,Susie Lee,female,white-american,unspecified,1966-11-07,2019-01-03
NV,4,democrat,Steven Horsford,male,white-american,unspecified,1973-04-29,2019-01-03
NY,1,republican,Lee Zeldin,male,white-american,jewish,1980-01-30,2015-01-06
NY,2,republican,Pete King,male,white-american,roman-catholic,1944-04-05,1993-01-05
NY,3,democrat,Thomas Suozzi,male,white-american,roman-catholic,1962-08-31,2017-01-03
NY,4,democrat,Kathleen Rice,female,white-american,roman-catholic,1965-02-15,2015-01-06
NY,5,democrat,Gregory Meeks,male,african-american,baptist,1953-09-25,1997-01-07
NY,6,democrat,Grace Meng,female,asian-american,christian,1975-10-01,2013-01-03
NY,7,democrat,Nydia Velázquez,female,hispanic-american,roman-catholic,1953-03-28,1993-01-05
NY,8,democrat,Hakeem Jeffries,male,african-american,baptist,1970-08-04,2013-01-03
NY,9,democrat,Yvette Clarke,female,african-american,african-methodist,1964-11-21,2007-01-04
NY,10,democrat,Jerrold Nadler,male,white-american,jewish,1947-06-13,1992-11-03
NY,11,democrat,Max Rose,male,white-american,unspecified,1986-11-28,2019-01-03
NY,12,democrat,Carolyn Maloney,female,white-american,presbyterian,1946-02-19,1993-01-05
NY,13,democrat,Adriano Espaillat,male,hispanic-american,roman-catholic,1954-09-27,2017-01-03
NY,14,democrat,Alexandria Ocasio-Cortez,female,multi-racial-american,unspecified,1989-10-13,2019-01-03
NY,15,democrat,José Serrano,male,hispanic-american,roman-catholic,1943-10-24,1989-01-03
NY,16,democrat,Eliot Engel,male,white-american,jewish,1947-02-18,1989-01-03
NY,17,democrat,Nita Lowey,female,white-american,jewish,1937-07-05,1989-01-03
NY,18,democrat,Sean Patrick Maloney,male,white-american,roman-catholic,1966-07-30,2013-01-03
NY,19,democrat,Antonio Delgado,male,white-american,unspecified,1977-01-28,2019-01-03
NY,20,democrat,Paul Tonko,male,white-american,roman-catholic,1949-06-18,2009-01-06
NY,21,republican,Elise Stefanik,female,white-american,roman-catholic,1984-07-02,2015-01-06
NY,22,democrat,Anthony Brindisi,male,white-american,unspecified,1978-11-22,2019-01-03
NY,23,republican,Tom Reed,male,white-american,roman-catholic,1971-11-18,2010-11-18
NY,24,republican,John Katko,male,white-american,roman-catholic,1962-11-09,2015-01-06
NY,25,democrat,Joseph Morelle,male,white-american,christian,1957-04-29,2019-01-03
NY,26,democrat,Brian Higgins,male,white-american,roman-catholic,1959-10-06,2005-01-04
NY,27,republican,Chris Collins,male,white-american,roman-catholic,1950-05-20,2013-01-03
OH,1,republican,Steve Chabot,male,white-american,roman-catholic,1953-01-22,1995-01-04
OH,2,republican,Brad Wenstrup,male,white-american,roman-catholic,1958-06-17,2013-01-03
OH,3,democrat,Joyce Beatty,female,african-american,baptist,1950-03-12,2013-01-03
OH,4,republican,Jim Jordan,male,white-american,christian,1964-02-17,2007-01-04
OH,5,republican,Robert Latta,male,white-american,christian,1956-04-18,2007-12-13
OH,6,republican,Bill Johnson,male,white-american,protestant,1954-11-10,2011-01-05
OH,7,republican,Bob Gibbs,male,white-american,methodist,1954-06-14,2011-01-05
OH,8,republican,Warren Davidson,male,white-american,christian,1970-03-01,2016-06-09
OH,9,democrat,Marcy Kaptur,female,white-american,roman-catholic,1946-06-17,1983-01-03
OH,10,republican,Michael Turner,male,white-american,protestant,1960-01-11,2003-01-07
OH,11,democrat,Marcia Fudge,female,african-american,church-of-god,1952-10-29,2008-11-19
OH,12,republican,Troy  Balderson,male,white-american,unspecified,1962-01-16,2018-09-05
OH,13,democrat,Tim Ryan,male,white-american,roman-catholic,1973-07-16,2003-01-07
OH,14,republican,David Joyce,male,white-american,roman-catholic,1957-03-17,2013-01-03
OH,15,republican,Steve Stivers,male,white-american,united-methodist,1965-03-24,2011-01-05
OH,16,republican,Anthony Gonzalez,male,white-american,unspecified,1984-09-18,2019-01-03
OK,1,republican,Kevin Hern,male,white-american,unspecified,1961-12-04,2019-01-03
OK,2,republican,Markwayne Mullin,male,native-american,pentecostal,1977-07-26,2013-01-03
OK,3,republican,Frank Lucas,male,white-american,southern-baptist,1960-01-06,1993-05-10
OK,4,republican,Tom Cole,male,native-american,methodist,1949-04-28,2003-01-07
OK,5,democrat,Kendra Horn,female,white-american,unspecified,1976-06-09,2019-01-03
OR,1,democrat,Suzanne Bonamici,female,white-american,jewish,1954-10-14,2012-02-07
OR,2,republican,Greg Walden,male,white-american,episcopalian,1957-01-10,1999-01-06
OR,3,democrat,Earl Blumenauer,male,white-american,protestant,1948-08-16,1996-05-21
OR,4,democrat,Peter DeFazio,male,white-american,roman-catholic,1947-05-27,1987-01-06
OR,5,democrat,Kurt Schrader,male,white-american,episcopalian,1951-10-19,2009-01-06
PA,1,republican,Brian Fitzpatrick,male,white-american,roman-catholic,1973-12-17,2017-01-03
PA,2,democrat,Brendan Boyle,male,white-american,roman-catholic,1977-02-06,2015-01-06
PA,3,democrat,Dwight Evans,male,african-american,unspecified,1954-05-16,2016-11-14
PA,4,democrat,Madeleine Dean,female,white-american,unspecified,1959-06-06,2019-01-03
PA,5,democrat,Mary Gay Scanlon,female,white-american,unspecified,1959-08-30,2019-01-03
PA,6,democrat,Chrissy Houlahan,female,white-american,unspecified,1967-06-05,2019-01-03
PA,7,democrat,Susan Wild,female,white-american,unspecified,1957-06-07,2019-01-03
PA,8,democrat,Matthew Cartwright,male,white-american,roman-catholic,1961-05-01,2013-01-03
PA,9,republican,Daniel Meuser,male,white-american,unspecified,1964-02-10,2019-01-03
PA,10,republican,Scott Perry,male,white-american,christian,1962-05-27,2013-01-03
PA,11,republican,Lloyd Smucker,male,white-american,unspecified,1964-01-23,2017-01-03
PA,12,republican,Fred Keller,male,white-american,unspecified,1965-10-23,2019-06-03
PA,13,republican,John Joyce,male,white-american,unspecified,1957-02-08,2019-01-03
PA,14,republican,Guy Reschenthaler,male,white-american,unspecified,1983-04-17,2019-01-03
PA,15,republican,Glenn Thompson,male,white-american,protestant,1959-07-27,2009-01-06
PA,16,republican,Mike Kelly,male,white-american,roman-catholic,1948-05-10,2011-01-05
PA,17,democrat,Conor Lamb,male,white-american,unspecified,1984-06-27,2019-01-03
PA,18,democrat,Mike Doyle,male,white-american,roman-catholic,1953-08-05,1995-01-04
RI,1,democrat,David Cicilline,male,white-american,jewish,1961-07-15,2011-01-05
RI,2,democrat,Jim Langevin,male,white-american,roman-catholic,1964-04-22,2001-01-03
SC,1,democrat,Joe Cunningham,male,white-american,unspecified,1982-05-26,2019-01-03
SC,2,republican,Joe Wilson,male,white-american,presbyterian,1947-07-31,2001-12-18
SC,3,republican,Jeff Duncan,male,white-american,southern-baptist,1966-01-07,2011-01-05
SC,4,republican,William Timmons,male,white-american,unspecified,1984-04-30,2019-01-03
SC,5,republican,Ralph Norman,male,white-american,presbyterian,1953-06-20,2017-06-26
SC,6,democrat,James Clyburn,male,african-american,african-methodist,1940-07-21,1993-01-05
SC,7,republican,Tom Rice,male,white-american,episcopalian,1957-08-04,2013-01-03
SD,,republican,Dusty Johnson,male,white-american,unspecified,1976-09-30,2019-01-03
TN,1,republican,Phil Roe,male,white-american,methodist,1945-07-21,2009-01-06
TN,2,republican,Tim Burchett,male,white-american,unspecified,1964-08-25,2019-01-03
TN,3,republican,Chuck Fleischmann,male,white-american,christian,1962-10-11,2011-01-05
TN,4,republican,Scott DesJarlais,male,white-american,episcopalian,1964-02-21,2011-01-05
TN,5,democrat,Jim Cooper,male,white-american,episcopalian,1954-06-19,1983-01-03
TN,6,republican,John Rose,male,white-american,unspecified,1965-02-23,2019-01-03
TN,7,republican,Mark Green,male,white-american,unspecified,1964-11-08,2019-01-03
TN,8,republican,David Kustoff,male,white-american,jewish,1966-10-08,2017-01-03
TN,9,democrat,Steve Cohen,male,white-american,jewish,1949-05-24,2007-01-04
TX,1,republican,Louie Gohmert,male,white-american,southern-baptist,1953-08-18,2005-01-04
TX,2,republican,Dan Crenshaw,male,white-american,unspecified,1984-03-14,2019-01-03
TX,3,republican,Van Taylor,male,white-american,unspecified,1972-08-01,2019-01-03
TX,4,republican,John Ratcliffe,male,white-american,roman-catholic,1965-10-20,2015-01-06
TX,5,republican,Lance Gooden,male,white-american,unspecified,1982-12-01,2019-01-03
TX,6,republican,Ronald Wright,male,white-american,christian,1953-04-08,2019-01-03
TX,7,democrat,Lizzie Fletcher,female,white-american,unspecified,1975-02-13,2019-01-03
TX,8,republican,Kevin Brady,male,white-american,roman-catholic,1955-04-11,1997-01-07
TX,9,democrat,Al Green,male,african-american,southern-baptist,1947-09-01,2005-01-04
TX,10,republican,Michael McCaul,male,white-american,roman-catholic,1962-01-14,2005-01-04
TX,11,republican,Michael Conaway,male,white-american,southern-baptist,1948-06-11,2005-01-04
TX,12,republican,Kay Granger,female,white-american,methodist,1943-01-18,1997-01-07
TX,13,republican,Mac Thornberry,male,white-american,presbyterian,1958-07-15,1995-01-04
TX,14,republican,Randy Weber,male,white-american,baptist,1953-07-02,2013-01-03
TX,15,democrat,Vicente González,male,hispanic-american,unspecified,1967-09-04,2017-01-03
TX,16,democrat,Veronica Escobar,female,hispanic-american,unspecified,1969-09-15,2019-01-03
TX,17,republican,Bill Flores,male,hispanic-american,southern-baptist,1954-02-25,2011-01-05
TX,18,democrat,Shelia Jackson Lee,female,african-american,seventh-day-adventist-church,1950-01-12,1995-01-04
TX,19,republican,Jodey Arrington,male,white-american,christian,1972-03-09,2017-01-03
TX,20,democrat,Joaquin Castro,male,hispanic-american,roman-catholic,1974-09-16,2013-01-03
TX,21,republican,Chip Roy,male,white-american,unspecified,1972-08-07,2019-01-03
TX,22,republican,Pete Olson,male,white-american,united-methodist,1962-12-09,2009-01-06
TX,23,republican,Will Hurd,male,african-american,christian,1977-08-19,2015-01-06
TX,24,republican,Kenny Marchant,male,white-american,nazarene-christian,1951-02-23,2005-01-04
TX,25,republican,Roger Williams,male,white-american,christian,1949-09-13,2013-01-03
TX,26,republican,Michael Burgess,male,white-american,anglican,1950-12-23,2003-01-07
TX,27,republican,Michael Cloud,male,white-american,unspecified,1975-05-13,2018-07-10
TX,28,democrat,Henry Cuellar,male,hispanic-american,roman-catholic,1955-09-19,2005-01-04
TX,29,democrat,Sylvia Garcia,female,white-american,unspecified,1950-09-06,2019-01-03
TX,30,democrat,Eddie Bernice Johnson,female,african-american,baptist,1935-12-03,1993-01-05
TX,31,republican,John Carter,male,white-american,lutheran,1941-11-06,2003-01-07
TX,32,democrat,Colin Allred,male,white-american,unspecified,1983-04-15,2019-01-03
TX,33,democrat,Marc Veasey,male,african-american,christian,1971-01-03,2013-01-03
TX,34,democrat,Filemon Vela,male,hispanic-american,roman-catholic,1963-02-13,2013-01-03
TX,35,democrat,Lloyd Doggett,male,white-american,methodist,1946-10-06,1995-01-04
TX,36,republican,Brian Babin,male,white-american,southern-baptist,1948-03-23,2015-01-06
UT,1,republican,Rob Bishop,male,white-american,mormon,1951-07-13,2003-01-07
UT,2,republican,Chris Stewart,male,white-american,mormon,1960-07-15,2013-01-03
UT,3,republican,John  Curtis ,male,white-american,mormon,1960-05-10,2017-11-13
UT,4,democrat,Ben McAdams,male,white-american,mormon,1974-12-05,2019-01-03
VA,1,republican,Robert Wittman,male,white-american,episcopalian,1959-02-03,2007-12-13
VA,2,democrat,Elaine Luria,female,white-american,unspecified,1975-08-15,2019-01-03
VA,3,democrat,Robert Scott,male,african-american,episcopalian,1947-04-30,1993-01-05
VA,4,democrat,Donald McEachin,male,african-american,baptist,1961-10-10,2017-01-03
VA,5,republican,Denver Riggleman,male,white-american,unspecified,1970-03-17,2019-01-03
VA,6,republican,Ben Cline,male,white-american,christian,1972-02-29,2019-01-03
VA,7,democrat,Abigail Spanberger,female,white-american,unspecified,1979-08-07,2019-01-03
VA,8,democrat,Don Beyer,male,white-american,episcopalian,1950-06-20,2015-01-06
VA,9,republican,Morgan Griffith,male,white-american,episcopalian,1958-03-15,2011-01-05
VA,10,democrat,Jennifer Wexton,female,white-american,unspecified,1968-05-27,2019-01-03
VA,11,democrat,Gerald Connolly,male,white-american,roman-catholic,1950-03-30,2009-01-06
VT,,democrat,Peter Welch,male,white-american,roman-catholic,1947-05-02,2007-01-04
WA,1,democrat,Suzan DelBene,female,white-american,episcopalian,1962-02-17,2012-11-13
WA,2,democrat,Rick Larsen,male,white-american,methodist,1965-06-15,2001-01-03
WA,3,republican,Jaime Herrera Beutler,female,hispanic-american,christian,1978-11-03,2011-01-05
WA,4,republican,Dan Newhouse,male,white-american,presbyterian,1955-07-10,2015-01-06
WA,5,republican,Cathy McMorris Rodgers,female,white-american,christian,1969-05-22,2005-01-04
WA,6,democrat,Derek Kilmer,male,white-american,methodist,1974-01-01,2013-01-03
WA,7,democrat,Pramila Jayapal,female,asian-american,hindu,1965-09-21,2017-01-03
WA,8,democrat,Kim Schrier,female,white-american,jewish,1968-08-23,2019-01-03
WA,9,democrat,Adam Smith,male,white-american,christian,1965-06-15,1997-01-07
WA,10,democrat,Denny Heck,male,white-american,lutheran,1952-07-29,2013-01-03
WI,1,republican,Bryan Steil,male,white-american,christian,1981-03-03,2019-01-03
WI,2,democrat,Mark Pocan,male,white-american,unspecified,1964-08-14,2013-01-03
WI,3,democrat,Ron Kind,male,white-american,lutheran,1963-03-16,1997-01-07
WI,4,democrat,Gwen Moore,female,african-american,baptist,1951-04-18,2005-01-04
WI,5,republican,James Sensenbrenner,male,white-american,episcopalian,1943-06-14,1979-01-15
WI,6,republican,Glenn Grothman,male,white-american,lutheran,1955-07-03,2015-01-06
WI,7,republican,Sean Duffy,male,white-american,roman-catholic,1971-10-03,2011-01-05
WI,8,republican,Mike Gallagher,male,white-american,unspecified,1984-03-03,2017-01-03
WV,1,republican,David McKinley,male,white-american,episcopalian,1947-03-28,2011-01-05
WV,2,republican,Alex Mooney,male,hispanic-american,roman-catholic,1971-06-05,2015-01-06
WV,3,republican,Carol Miller,female,white-american,baptist,1950-11-04,2019-01-03
WY,,republican,Liz Cheney,female,white-american,united-methodist,1966-07-28,2017-01-03